{"Fid":"fQNcVrxaTNCErsrNo0yP_o","Status":3,"RefreshToken":"3_AS3qfwJXUhdLCDL5BlNdNZodq1NyhV8UxVpHlrmTfYPBk42c2IOKgSe_ch9SVvyCiuHo8--JvXQbHYTQkEhJdyH13FLjit8Zw445_c5hSG4K4A","AuthToken":"eyJhbGciOiJFUzI1NiIsInR5cCI6IkpXVCJ9.eyJhcHBJZCI6IjE6MzY3MjY5MDA4OTg2OmFuZHJvaWQ6NzliMWNhNTQ5NTQxMTEyNCIsImV4cCI6MTc1NjQ3MjkzMSwiZmlkIjoiZlFOY1ZyeGFUTkNFcnNyTm8weVBfbyIsInByb2plY3ROdW1iZXIiOjM2NzI2OTAwODk4Nn0.AB2LPV8wRQIhAPGQWgv-FF3fZPKMqmMWGujuGf_qnZG2HConjN1z3x5oAiAmx5QxosEUeHAfI2LcY3B3wHJc1tVF7dLi7w_zZdrfxA","TokenCreationEpochInSecs":1755868130,"ExpiresInSecs":604800}