{"Fid":"c2cNfzGzRwOQYGz4cH9dfs","Status":3,"RefreshToken":"3_AS3qfwJt8fwvcYxjHAXrQtq3aSa8YCco2qZK6HJplWZBUHvpFnIBwA7zk3q516gg2lBFGKsTP7j45u_hMVaOvx9jp3xTOc_XoNEoPYihVlBw6Ao","AuthToken":"eyJhbGciOiJFUzI1NiIsInR5cCI6IkpXVCJ9.eyJhcHBJZCI6IjE6MzY3MjY5MDA4OTg2OmFuZHJvaWQ6NzliMWNhNTQ5NTQxMTEyNCIsImV4cCI6MTc1NjM2NDIzNiwiZmlkIjoiYzJjTmZ6R3pSd09RWUd6NGNIOWRmcyIsInByb2plY3ROdW1iZXIiOjM2NzI2OTAwODk4Nn0.AB2LPV8wRQIhAMeAPjhKkFw5i367ma7woeojZuxRsTta9qXckqcrOcH9AiAonfWW1kX0j2F-Z7sRstzg3vccqwYLNqO7i4zT5lweqg","TokenCreationEpochInSecs":1755759435,"ExpiresInSecs":604800}