{"Fid":"cmkijtj3RDiaZnjDWI0YoM","Status":3,"RefreshToken":"3_AS3qfwLw9Gnj2vP_aOZuOK3VwLwRSxuG_V_I69LkpZoED6kPskah3Kaf0t7Z0VLTi-KZbhk1Xy6A4AltvkNd_EaNmMz3l4F_xMlnHcHpxukwug","AuthToken":"eyJhbGciOiJFUzI1NiIsInR5cCI6IkpXVCJ9.eyJhcHBJZCI6IjE6MzY3MjY5MDA4OTg2OmFuZHJvaWQ6NzliMWNhNTQ5NTQxMTEyNCIsImV4cCI6MTc1NjY0ODMyNywiZmlkIjoiY21raWp0ajNSRGlhWm5qRFdJMFlvTSIsInByb2plY3ROdW1iZXIiOjM2NzI2OTAwODk4Nn0.AB2LPV8wRQIgDSZuZcGCqMLvgbyY8ldh-DxBFKNVN79KPRX_QrayGD0CIQCxukLOaNh2UUDwCN7B8OYL-loQnrBTl-jgp0irOk5wjQ","TokenCreationEpochInSecs":1756043527,"ExpiresInSecs":604800}